Date,Addicks storage (acre ft),Addicks elevation (ft),Addicks rain (in),Barker storage (acre ft),Barker elevation (ft),Barker rain (in),Dairy Ashford rain (in),Beltway 8 rain (in),San Felipe rain (in),Shepherd rain (in),Milam rain (in),Dairy Ashford elevation (ft),Beltway 8 elevation (ft),San Felipe elevation (ft),Shepherd elevation (ft),Milam elevation (ft),Flow discharge rate (cfs)
JAN,109.1,77.55,0,61.08,78.24,0,0,0,0,0,0,46.33,36.73,23.82,2.97,2.01,0
1/2/2017,172.3,80.78,0.52,265.6,78.96,0.52,0.84,0.12,0.88,0.88,1.08,52.13,43.57,29.38,6.5,4.07,0
1/3/2017,824.1,83.34,0,103.7,79.86,0,0,0,0,0,0,53.96,45.24,30.88,5.57,2.18,0
1/4/2017,1846,83.08,0,642.8,79.94,0,0,0,0,0,0,53.9,45.24,30.93,5.94,1.72,0
1/5/2017,712.0,80.48,0,379.7,78.86,0,0,0,0,0,0,53.16,44.63,30.55,5.93,1.97,0
1/6/2017,65.13,76.06,0.24,5.4,73.1,0.24,0.16,0.12,0.12,0.16,0.2,49.74,42.23,28.98,5.09,1,0
1/7/2017,125.1,76.97,0,14.3,74.11,0,0,0,0,0,0,48.02,39.81,25.96,2.53,0.38,0
1/8/2017,131.2,76.2,0,4.05,73.97,0,0,0,0,0,0,47.91,39.7,25.95,2.98,1.8,0
1/9/2017,64.09,73.79,0,3.15,72.62,0,0,0,0,0,0,47.33,38.89,25.36,3.07,2.19,0
1/10/2017,47.24,69.21,0,2.72,72.28,0,0,0,0,0,0,46.95,37.85,24.27,2.67,2.07,0
1/11/2017,46.26,69.12,0,2.37,72.11,0,0,0,0,0,0,46.86,37.52,23.94,2.61,2.13,0
1/12/2017,46.09,69.1,0,2.22,72,0,0,0,0,0,0,46.8,37.38,23.76,2.76,2.26,0
1/13/2017,46.08,69.09,0,2.07,71.93,0,0,0,0,0.04,0.16,46.76,37.34,23.72,2.72,2.13,0
1/14/2017,45.42,69,0,2,71.89,0,0,0,0.04,0,0,46.71,37.24,23.6,2.62,2,0
1/15/2017,45.49,70.3,0.08,2.25,71.92,0.08,0.12,0.04,0.04,0,0.16,47.01,37.65,23.91,2.48,2.01,0
1/16/2017,56.67,80.31,0.04,91.95,76.43,0.04,0,0,0,0.04,0,49.12,40.53,26.14,2.66,2.12,0
1/17/2017,681.4,84.69,0.76,1625,81.89,0.76,0.88,0.68,0.16,0.76,0.36,51.5,43.14,28.9,5.4,1.94,0
1/18/2017,3184,89.22,2.88,9821,86.35,2.88,3.44,3.16,4.28,6.8,6.8,59.77,53.35,41.8,23.31,20.38,0
1/19/2017,12790,90.26,0.48,14640,87.66,0.48,0.56,0.48,0.56,0.64,0.52,53.18,44.48,32.59,12.33,4.57,0
1/20/2017,16530,90.72,0.56,17880,88.35,0.56,1.4,1.12,2.16,2.2,3.04,53.2,46.09,35.02,12.77,8.06,0
1/21/2017,18560,91.24,0.04,20930,88.93,0.04,0.04,0.04,0,0,0,55.56,46.36,35.23,13.12,8.55,0
1/22/2017,20930,91.24,0,19950,88.94,0,0.04,0.04,0.04,0.08,0.04,57.88,48.57,34.05,8.18,2.16,0
1/23/2017,19610,90.98,0,17860,88.75,0,0,0,0,0,0,59.33,49.7,34.78,8.53,1.32,0
1/24/2017,17610,90.45,0,14980,88.42,0,0,0,0,0,0,59.35,49.94,35.41,9.55,2.72,0
1/25/2017,14680,89.61,0,12970,87.76,0,0,0,0,0,0,59.11,49.83,35.31,9.56,2.75,0
1/26/2017,11700,88.88,0,10850,87.29,0,0,0,0,0,0,58.87,49.56,35.07,9.28,1.84,0
1/27/2017,8446,87.66,0,8327,86.68,0,0,0,0,0,0,58.86,49.52,35.05,9.14,2.13,0
1/28/2017,5314,86.2,0,6041,85.82,0,0,0,0,0,0,58.4,49.2,34.84,9.12,2.06,0
1/29/2017,1822,82.96,0,3820,84.98,0,0,0,0,0,0,56.76,48.16,34.17,8.79,1.76,0
1/30/2017,180.0,77.74,0,1576,83.72,0,0,0,0,0,0,55.3,46.62,32.59,7.5,0.95,0
FEB,51.26,69.65,0,4.3,81.79,0,0,0,0,0,0,51.69,43.26,29.65,5.75,0.96,0
2/1/2017,48.85,69.39,0,2.9,72.74,0,0,0,0,0,0,47.58,40.19,27.44,4.2,1.11,0
2/2/2017,46.84,69.2,0,2.57,72.18,0,0,0,0,0,0,47,37.78,24.3,2.05,1.3,0
2/3/2017,46.36,69.11,0,2.47,72.05,0,0,0,0,0,0,46.92,37.58,24.16,1.74,0.75,0
2/4/2017,46.20,69.07,0,2.17,72,0,0,0,0,0,0,46.86,37.37,23.93,2.26,1.73,0
2/5/2017,45.56,69.09,0,2.1,71.93,0,0,0,0,0,0,46.84,37.31,23.85,2.36,1.83,0
2/6/2017,46.20,69.16,0,2.27,71.96,0,0,0,0,0,0,46.87,37.39,23.93,2.12,1.46,0
2/7/2017,45.16,69.01,0,2.15,71.95,0,0,0,0,0,0,46.85,37.27,23.87,2,1.32,0
2/8/2017,44.92,68.99,0,2.05,71.89,0,0,0,0,0,0,46.8,37.13,23.78,1.74,1.1,0
2/9/2017,44.52,68.95,0,1.88,71.84,0,0,0,0,0,0,46.75,37.03,23.67,1.87,1.38,0
2/10/2017,44.84,69.01,0,1.95,71.81,0,0,0,0,0,0,46.78,37.05,23.64,2.38,1.99,0
2/11/2017,44.84,68.92,0,1.92,71.83,0,0,0,0,0,0,46.74,36.99,23.6,2.15,1.53,0
2/12/2017,44.92,68.94,0,1.88,71.83,0,0,0,0,0,0,46.74,36.97,23.58,1.75,1.13,0
2/13/2017,45.16,69.02,0,1.85,71.83,0,0,0,0,0,0,46.76,36.99,23.59,1.8,1.21,0
2/14/2017,44.04,76.24,1.04,17.31,74.1,1.04,0.96,1.32,0.96,0.88,0.96,51.56,44.5,31.03,7.54,4.55,0
2/15/2017,128.0,77.07,0,100.6,76.69,0,0,0,0,0,0,51.75,43.19,29.34,5,-0.03,0
2/16/2017,120.6,75.83,0,10.2,76.66,0,0,0,0,0,0,51.39,42.98,29.27,4.77,0.79,0
2/17/2017,49.60,69.5,0.12,8.3,73.76,0.12,0.2,0.28,0.32,0.28,0.28,47.85,39.73,26.51,3.53,1.99,0
2/18/2017,48.37,69.33,0,4.3,73.3,0,0,0,0,0,0,47.36,38.8,25.65,3.37,1.78,0
2/19/2017,48.10,69.23,0,3.3,72.63,0,0,0,0.04,0,0,47.22,38.29,24.79,2.62,1.94,0
2/20/2017,46.95,81.03,1.44,819,80.3,1.44,1.32,1.36,1,1.44,1.4,51.64,44.51,31.02,8.01,4.14,0
2/21/2017,907.6,83.62,0,2237,82.6,0,0,0,0,0,0,55.57,46.6,32.1,6.2,2.09,0
2/22/2017,2037,83.26,0,2545,82.97,0,0,0,0,0,0,55.54,46.62,32.49,7.23,1.95,0
2/23/2017,733.9,80.41,0,1509,83.02,0,0,0,0,0,0,54.94,46.12,32.11,7.19,2.37,0
2/24/2017,177.9,77.39,0,13,81.49,0,0,0,0,0,0,54.18,45.46,31.6,6.91,2.44,0
2/25/2017,54.26,69.9,0,3.8,73.62,0,0,0,0,0,0,49.99,42.09,29.05,5.71,1.52,0
2/26/2017,50.95,69.5,0,2.97,72.48,0,0,0,0,0,0,47.33,38.9,25.45,3.12,2.24,0
2/27/2017,48.84,70.17,0,3.22,72.72,0,0,0,0,0,0,47.08,38.08,24.66,2.81,2.1,0
2/28/2017,47.05,69.14,0,2.82,72.27,0,0,0,0,0,0,46.95,37.77,24.34,2.66,2.05,0
3/1/2017,46.63,69.02,0,2.62,72.14,0,0,0,0,0,0,46.88,37.46,23.98,2.42,1.91,0
MAR,46.52,69,0,2.33,72.01,0,0,0,0,0,0,46.83,37.29,23.81,2.12,1.59,0
3/3/2017,46.25,69,0,2.18,71.93,0,0,0,0,0,0,46.78,37.12,23.59,2.84,2.37,0
3/4/2017,46.20,68.9,0.04,2.1,71.89,0.04,0.08,0.08,0.04,0.04,0.08,46.77,37.09,23.59,3.11,2.57,0
3/5/2017,46.12,76.28,1.96,1252,76.16,1.96,1.44,1.84,1.72,1.48,1.8,54.04,46.58,32.92,9.2,4.97,0
3/6/2017,134.2,79.09,0.2,1698,81.25,0.2,0,0.08,0.04,0.04,0.28,51.65,45.26,32.7,9.12,4.29,0
3/7/2017,357.4,79.25,0,18.15,82.38,0,0.04,0,0,0.04,0.12,51.71,42.02,28.35,4.77,2.26,0
3/8/2017,370.5,79.33,0,92.46,82,0,0,0,0,0,0,53.45,44.54,30.4,5.83,2.17,0
3/9/2017,271.6,78.99,0,29.28,76.43,0,0,0,0,0,0,51.05,42.96,29.7,5.65,1.97,0
3/10/2017,341.6,79.35,0,620.8,76.43,0,0.2,0,0.04,0.44,0.08,48.77,40.32,26.61,3.12,1.52,0
3/11/2017,194.5,78.98,0.44,59.76,79.74,0.44,0.48,0.56,0.44,0.6,0.92,47.94,39.81,26.5,3.98,2.36,0
3/12/2017,343.8,80.7,0.08,12.1,80.45,0.08,0,0,0.04,0.04,0.04,52.89,44.15,30.05,4.61,2.25,0
3/13/2017,414.7,79.06,0,13.6,75.43,0,0,0,0,0,0,52.25,43.9,29.95,5.51,2.17,0
3/14/2017,98.64,74.01,0,2.33,74.1,0,0,0,0,0,0,49.73,41.71,28.17,4.35,0.93,0
3/15/2017,56.08,69.9,0,3.15,73.69,0,0,0,0,0,0,47.56,39.01,25.43,2.82,1.81,0
3/16/2017,49.92,69.34,0,2.8,72.32,0,0,0,0,0,0,47.13,38.09,24.62,2.72,2.06,0
3/17/2017,48.08,69.14,0,2.55,72.26,0,0,0,0,0,0,47.02,37.58,24.2,2.45,1.82,0
3/18/2017,47.19,69.08,0,2.42,72.11,0,0,0,0,0,0,46.95,37.38,23.86,1.83,1.24,0
3/19/2017,46.71,69.01,0,2.38,72.02,0,0,0,0,0,0,46.89,37.24,23.74,1.95,1.36,0
3/20/2017,46.63,69.02,0,2.22,72,0,0,0,0,0,0,46.88,37.22,23.7,1.95,1.5,0
3/21/2017,45.90,68.94,0,2.07,71.94,0,0,0,0,0,0,46.84,37.08,23.59,1.85,1.29,0
3/22/2017,45.82,68.94,0,1.98,71.87,0,0,0,0,0,0,46.85,37,23.49,1.75,1.27,0
3/23/2017,45.90,68.93,0,1.9,71.82,0,0,0,0,0,0,46.8,36.92,23.4,2.18,1.64,0
3/24/2017,44.94,69.35,1.16,45.57,71.99,1.16,0.56,0.24,0.16,0.24,0.08,48.6,37.91,23.59,2.82,2.59,0
3/25/2017,45.01,78.73,0.04,3.48,75.38,0.04,0.04,0.04,0.04,0.04,0,49.4,41.41,27.4,4.23,3.18,0
3/26/2017,283.5,79.61,0,2.42,76,0,0,0,0,0,0,49.75,41.31,27.45,3.93,2.07,0
3/27/2017,373.8,79.02,0,1.83,72.29,0,0,0,0,0,0,49.3,41,27.11,3.78,2.26,0
3/28/2017,49.48,69.21,0,48.21,71.92,0,0,0,0,0,0,47.19,38.94,26.34,3.45,2.78,0
3/29/2017,46.92,79.19,1.52,44.58,75.67,1.52,1.2,1.2,1.24,0.36,1.56,52.28,44.65,31.09,8.77,6.76,0
3/30/2017,323.3,82.2,0,14.6,77.58,0,0,0,0,0.08,0.04,53.83,45.17,30.88,6.32,2.96,0
3/31/2017,1437,82.2,0,221.7,75.39,0,0,0,0,0,0,55.02,46.14,31.9,6.72,2.43,0
APR,142.6,76.29,0,3.32,78.02,0,0,0,0,0,0,53.78,45.44,31.69,6.83,3.25,0
4/2/2017,79.46,73.54,0.12,2.4,78.68,0.12,0.16,0.12,0.12,0,0,48.95,40.53,26.7,4.61,2.87,0
4/3/2017,85.21,73.71,0,1.9,72.2,0,0,0,0,0,0,47.77,40.1,26.75,3.16,2.17,0
4/4/2017,48.58,69.21,0,1.63,71.91,0,0,0,0,0,0,47.1,38.11,24.7,2.67,2.14,0
4/5/2017,46.66,69.01,0,2.22,71.74,0,0,0,0,0,0,46.98,37.5,24.01,2.13,1.33,0
4/6/2017,45.61,68.89,0,2.07,72,0,0,0,0,0,0,46.89,37.19,23.72,1.41,0.7,0
4/7/2017,45.45,68.84,0,1.92,71.93,0,0,0,0,0,0,46.85,37.02,23.48,1.83,1.23,0
4/8/2017,45.45,68.84,0,1.83,71.88,0,0,0,0,0,0,46.83,37.02,23.44,1.96,1.53,0
4/9/2017,45.28,68.86,0,2.2,71.84,0,0,0,0,0,0,46.8,36.96,23.37,2.53,1.95,0
4/10/2017,45.04,69.02,0.04,3.4,71.86,0.04,0,0.04,0,0,0,46.84,36.99,23.4,2.94,2.46,0
4/11/2017,47.52,77.4,0.92,9.89,75.87,0.92,0.88,1.28,1,1.16,1.8,48.7,41.89,28.73,6.35,3.61,0
4/12/2017,149.7,80.49,0,4.45,73.61,0,0,0,0,0,0,51.85,43.34,29.29,5.43,2.03,0
4/13/2017,193.4,77.66,0,2.82,73.43,0,0,0,0,0,0,51.72,43.31,29.35,5.16,2.16,0
4/14/2017,50.71,69.39,0,2.07,72.66,0,0,0,0,0,0,48.01,40.02,26.9,4.29,1.96,0
4/15/2017,47.83,69.12,0,1.59,72.06,0,0,0,0,0,0,47.26,38.36,24.88,3.03,2.38,0
4/16/2017,46.70,69.01,0,1.79,71.79,0,0,0,0,0,0,47.03,37.57,24.14,3.04,2.48,0
4/17/2017,46.22,74.6,0.48,825.2,74.94,0.48,0.48,0.68,0.28,0.12,0.12,47.98,40.4,26.48,2.74,2.19,0
4/18/2017,95.73,81.53,0.88,423.4,80.57,0.88,0.96,0.92,0.92,0.8,0.56,50.68,43.64,30.17,6.58,2.92,0
4/19/2017,1116,83.64,0,100.3,81.88,0,0,0,0,0.12,0.04,52.79,44.12,29.8,4.74,2.77,0
4/20/2017,2381,84,0,24.11,78.73,0,0,0,0,0,0,54.59,45.77,31.43,5.93,2.51,0
4/21/2017,1427,81.93,0,4.28,76.49,0,0,0,0,0,0,54.43,45.76,31.54,6.6,2.75,0
4/22/2017,146.7,76.44,0,2.73,74.14,0,0,0,0,0,0,52.56,44.31,30.57,6.33,2.08,0
4/23/2017,46.76,68.98,0,3.46,72.62,0,0,0,0,0,0,47.92,39.65,26.23,3.37,0.95,0
4/24/2017,45.56,69.59,0,2.85,72.51,0,0,0,0,0,0,47.31,38.41,24.92,2.51,1.83,0
4/25/2017,46.11,68.94,0,2.53,72.34,0,0,0,0,0,0,47.09,37.69,24.18,2.81,2.18,0
4/26/2017,45.55,68.93,0,2.18,72.08,0,0,0,0,0,0,47.03,37.36,23.81,3.42,3,0
4/27/2017,45.71,68.92,0,1.98,72,0,0,0,0,0,0,46.88,37.2,23.65,2.49,1.93,0
4/28/2017,45.30,68.86,0,1.77,71.88,0,0,0,0,0,0,46.82,36.98,23.46,3.32,2.83,0
4/29/2017,45.22,68.84,0,1.97,71.76,0,0,0,0,0,0,46.81,36.95,23.33,4.4,3.89,0
4/30/2017,45.62,68.94,0,1.92,71.82,0,0,0,0,0,0,46.85,37.03,23.38,3.12,2.26,0
MAY,45.86,68.93,0,1.72,71.82,0,0,0,0,0,0,46.85,36.99,23.37,2.33,1.92,0
5/2/2017,45.29,68.8,0,1.79,72.06,0,0,0,0,0,0,46.8,36.83,23.28,3.04,2.53,0
5/3/2017,44.89,68.92,0.48,6.37,71.76,0.48,0.64,0.6,0.36,0.32,0.48,48.24,40.67,26.57,3.41,2.93,0
5/4/2017,45.85,72.6,0,3.19,73.29,0,0,0,0,0,0,47.84,39.92,26.79,3.24,1.37,0
5/5/2017,53.84,69.7,0,2.42,73.03,0,0,0,0,0,0,47.21,38.45,25.04,2.16,0.5,0
5/6/2017,48.40,69.16,0,1.96,72.23,0,0,0,0,0,0,46.98,37.42,23.95,1.98,1.36,0
5/7/2017,47.84,69.22,0,1.81,71.95,0,0,0,0,0,0,46.85,37.02,23.44,1.9,1.34,0
5/8/2017,47.91,69.26,0,1.76,71.82,0,0,0,0,0,0,46.78,36.91,23.32,2,1.5,0
5/9/2017,47.91,69.22,0,1.71,71.77,0,0,0,0,0,0,46.74,36.83,23.23,2.55,2.04,0
5/10/2017,47.59,69.26,0,1.73,71.74,0,0,0,0,0,0,46.73,36.84,23.23,2.46,1.98,0
5/11/2017,47.98,69.26,0,1.81,71.74,0,0,0,0,0,0,46.75,36.83,23.24,2.38,1.87,0
5/12/2017,47.90,69.5,0.12,1.71,71.74,0.12,0,0,0,0.04,0.04,46.88,37.12,23.51,1.87,1.23,0
5/13/2017,50.46,69.42,0,1.73,71.75,0,0,0,0,0,0,46.74,36.85,23.29,1.45,0.85,0
5/14/2017,48.61,69.3,0,1.73,71.74,0,0,0,0,0,0,46.73,36.79,23.19,2.05,1.53,0
5/15/2017,48.45,69.3,0,1.6,71.75,0,0,0,0,0,0,46.72,36.83,23.2,2.14,1.6,0
5/16/2017,48.29,69.26,0,1.6,71.7,0,0,0,0,0,0,46.68,36.73,23.2,2.86,2.39,0
5/17/2017,47.88,69.28,0,1.6,71.68,0,0,0,0,0,0,46.64,36.7,23.05,3.32,2.79,0
5/18/2017,48.68,69.42,0,1.6,71.69,0,0,0,0,0,0,46.65,36.76,23.13,3.14,2.71,0
5/19/2017,49.40,69.45,0,1.65,71.69,0,0,0,0,0,0,46.66,36.74,23.12,3.36,2.89,0
5/20/2017,49.17,69.36,0,26.58,71.69,0,0,0,0,0,0,46.64,36.73,23.12,2.8,2.27,0
5/21/2017,49.10,72.52,0.08,4.55,74.94,0.08,0.88,0.72,0.44,0.88,1.44,48.19,40.31,26.27,2.99,2.05,0
5/22/2017,70.76,74.87,0.24,6.62,77.46,0.24,0.44,0.64,1.88,2.2,1.4,48.05,39.83,28.07,7.7,6.07,0
5/23/2017,51.75,69.65,0,3.71,73.58,0,0.08,0.08,0.08,0.04,0,47.4,38.77,25.79,3.28,1.46,0
5/24/2017,47.27,69.02,0,2.93,73.09,0,0,0,0,0,0,47.06,38.16,24.65,2,0.65,0
5/25/2017,46.08,68.9,0,2.33,72.46,0,0,0,0,0,0,46.97,37.75,24.23,2.13,1.48,0
5/26/2017,45.20,68.81,0,2.03,72.14,0,0,0,0,0,0,46.78,37.24,23.74,2.75,2.31,0
5/27/2017,44.97,68.83,0,1.66,71.93,0,0,0,0,0,0,46.71,36.92,23.4,2.55,2.13,0
5/28/2017,45.30,69,0.88,52.33,71.95,0.88,1.52,1,1.88,0.88,0.36,52.64,40.31,28.77,2.6,2.24,0
5/29/2017,45.22,77.78,0.12,6.95,75.63,0.12,0.16,0.16,0.16,0.2,0.16,53.18,45.4,33.41,7.31,4.19,0
5/30/2017,185.0,78.1,0,2.89,76.3,0,0,0,0,0,0,49.56,41.13,27.39,3.97,2.09,0
JUN,149.1,76.75,0.12,18.7,73.1,0.12,0.2,0.16,0.32,0.12,0.2,48.74,40.37,26.93,3.76,1.94,0
6/1/2017,50.68,75.07,0.2,44.46,74.21,0.2,0.12,0.16,0.04,0,0.04,48.26,39.96,26.23,3.15,1.92,0
6/2/2017,105.5,75.12,0.48,183.9,75.32,0.48,0.6,0.64,0.28,0.12,0,52.18,43.61,31.53,6.57,2.55,0
6/3/2017,93.62,76.82,0,622.8,77.68,0,0.28,0.48,0.04,1.6,1.24,49.53,42.14,28.25,5.78,2.76,0
6/4/2017,146.0,80.21,2.52,1238,79.86,2.52,3.12,3.64,2.76,2,2.24,60.93,54.87,40.61,10.65,11.76,0
6/5/2017,555.8,84.55,0,361,81.29,0,0.08,0,0.04,0.12,0.24,51.86,48.85,38.99,12.94,6.72,0
6/6/2017,3070,85.22,0.04,2.67,81.58,0.04,0.08,0,0,0,0.04,53.24,44.53,30.66,3.91,1.77,0
6/7/2017,2766,84.14,0,3.42,78.34,0,0,0,0,0,0,52.99,44.45,30.69,6.22,1.84,0
6/8/2017,1322,81.67,0,2.67,72.52,0,0,0,0,0,0,50.32,41.97,28.55,5.1,1.96,0
6/9/2017,179.6,77.2,0,2.22,72.33,0,0,0,0,0,0,49.32,41.04,27.68,4.18,2.13,0
6/10/2017,52.73,69.7,0,1.95,72.06,0,0,0,0,0,0,46.92,37.65,24.36,2.93,2.39,0
6/11/2017,50.74,69.51,0,1.83,71.89,0,0,0,0,0.08,0.32,46.81,37.24,23.84,3.09,2.39,0
6/12/2017,50.18,70.8,0,2,71.81,0,0,0,0,0.04,0,46.79,37.1,23.63,3.34,2.74,0
6/13/2017,46.19,68.96,0,2.05,71.8,0,0,0,0,0,0.04,46.71,36.99,23.51,3.19,2.69,0
6/14/2017,45.96,68.94,0,1.88,71.95,0,0,0,0,0,0,46.79,37.18,23.7,2.95,2.45,0
6/15/2017,46.20,69.01,0,1.81,71.82,0,0,0,0,0,0,46.72,37.03,23.53,2.53,2.11,0
6/16/2017,45.73,68.9,0,1.66,71.76,0,0,0,0,0,0,46.7,36.87,23.4,2.5,1.97,0
6/17/2017,45.49,68.86,0,1.63,71.73,0,0,0,0,0,0,46.67,36.86,23.33,2.38,2.39,0
6/18/2017,45.66,68.87,0,1.63,71.69,0,0,0,0,0,0,46.64,36.82,23.29,2.36,1.94,0
6/19/2017,45.82,69.08,0,9.74,71.69,0,0,0,0,0,0,46.67,36.79,23.27,2.2,1.79,0
6/20/2017,47.67,71.69,0.6,89.11,73.5,0.6,0.52,0,0,0,0,48.12,39.42,25.45,2.91,2.14,0
6/21/2017,47.92,74.1,0,343.8,76.54,0,0,0,0,0.12,0.08,47.21,38.42,24.99,3.53,2.96,0
6/22/2017,90.83,76.72,0.64,2.41,78.68,0.64,0.68,0.36,0.24,0.16,0.28,47.85,39.39,25.51,2.95,2.43,0
6/23/2017,142.5,77.13,0,451.2,78.95,0,0,0,0,0,0,48.61,40.24,26.62,3.41,2.98,0
6/24/2017,48.89,79.82,1.92,3543,79.34,1.92,0.8,1.12,0.8,0.4,0.28,49.77,42.34,29.05,5.16,3.15,0
6/25/2017,483.3,83.5,1.24,5994,83.71,1.24,1.84,2.24,1.24,1.04,1.88,56.24,49.45,34.87,8.92,4.37,0
6/26/2017,2212,84.62,0.4,7196,84.98,0.4,1.24,1.44,1,0,0,52.09,44.86,30.69,5.19,2.42,0
6/27/2017,3248,85.34,1.44,7641,85.45,1.44,0.56,1.04,1.92,0.16,0.12,53.16,47.33,33.75,8.3,3.02,0
6/28/2017,4083,85.66,0,6336,85.65,0,0,0,0,0.04,0,49.07,40.76,29.59,8.08,2.88,0
6/29/2017,4561,85.73,0,3903,85.6,0,0.24,0.12,0.08,0.04,0.32,55.19,45.65,30.12,4.32,2.79,0
JUL,4042,85.21,0,1569,84.98,0,0,0,0,0,0,55.43,46.54,32.57,7.44,2.66,0
7/1/2017,2046,82.97,0,2.57,83.82,0,0,0,0,0,0,55.02,46.28,32.37,7.39,2.16,0
7/2/2017,560.3,79.52,0,2.67,81.61,0,0,0,0,0,0,53.97,45.37,31.67,6.88,1.93,0
7/3/2017,49.80,69.25,0,2.3,72.37,0,0,0,0,0,0,47.36,40.28,28.6,5.5,1.63,0
7/4/2017,46.68,68.96,0,2.1,72.05,0,0,0,0,0,0,46.89,37.45,24.08,2.24,1.52,0
7/5/2017,46.52,68.94,0,2,71.92,0,0,0,0,0,0,46.8,37.15,23.75,2.13,1.57,0
7/6/2017,45.80,68.85,0,2,71.85,0,0,0,0,0,0,46.72,36.98,23.59,2.22,1.57,0
7/7/2017,45.24,68.82,0,1.83,71.82,0,0.04,0.6,0,0,0.56,46.74,37.79,24.59,3.99,1.52,0
7/8/2017,45.48,68.85,0,1.83,71.8,0,0,0.16,0.28,0.84,1.44,46.69,37.06,24.57,3.55,2.53,0
7/9/2017,45.56,68.89,0.72,11.8,71.75,0.72,0.4,0.68,0.36,0.44,0.32,47.67,39.89,25.56,3.75,2.9,0
7/10/2017,46.20,80.89,0,13.8,73.72,0,0,0,0,0.08,0,48.63,40.27,26.64,5.03,3.25,0
7/11/2017,830.1,81.9,0,3.6,74.28,0,0,0,0,0,0.12,49.59,41.11,27.55,3.66,1.76,0
7/12/2017,1191,81.67,0.12,3,73.8,0.12,0.08,0,0,0.04,0,49.49,41.08,27.59,3.95,1.96,0
7/13/2017,631.9,79.8,2.72,2.45,72.65,2.72,0.48,0.4,0,0,0.76,52.09,42.98,29.67,4.25,2.25,0
7/14/2017,133.0,75.98,0,90.93,72.16,0,0,0,0,0,0,49,41.68,29.37,4.91,1.6,0
7/15/2017,50.68,78.15,2.44,330,76.61,2.44,2.24,1.96,0.76,2.2,2.08,55.25,48.45,34.56,6.4,5.75,0
7/16/2017,185.1,82.5,0,9.1,79.54,0,0,0,0,0,0,48.62,43.36,32.9,8.5,3.7,0
7/17/2017,1593,83.2,0.04,5.9,78.35,0.04,0.28,0.16,0,0,0,47.97,40.18,26.49,3.07,1.64,0
7/18/2017,2039,83.32,0,4.3,73.24,0,0,0,0,0,0.08,48.72,40.42,26.62,3.3,1.91,0
7/19/2017,1760,82.7,0,3,73.61,0,0.6,0.84,1.44,0.52,0,51.73,45.21,31.75,6.52,1.44,0
7/20/2017,1161,81.41,0,2.6,72.53,0,0,0,0,0,0,48.48,40.47,28.26,6.3,1.48,0
7/21/2017,618.4,79.85,0,2.3,72.19,0,0,0,0,0,0,48.49,39.94,26.38,3.44,1.46,0
7/22/2017,153.4,76.7,0.2,2.05,72.01,0.2,0.2,0,0,0.16,0.12,47.69,39.24,25.94,3.14,1.87,0
7/23/2017,49.40,71.17,0.24,1.92,71.93,0.24,0.16,0,0,0,0,47.36,38.51,24.93,2.37,1.49,0
7/24/2017,62.12,70.79,0,1.75,71.84,0,0,0,0,0,0,47.05,37.99,24.73,2.25,1.53,0
7/25/2017,50.60,69.41,0,1.7,71.75,0,0,0,0,0,0,46.81,37.27,23.88,2.04,1.49,0
7/26/2017,47.56,69.09,0,1.6,71.72,0,0,0.04,0,0.08,0.04,46.68,36.95,23.52,1.94,1.45,0
7/27/2017,46.60,69.03,0,1.63,71.69,0,0,0,0,0,0,46.67,36.88,23.39,1.82,1.23,0
7/28/2017,46.12,68.94,0,1.65,71.68,0,0,0,0,0,0,46.63,36.78,23.29,1.7,1.09,0
7/29/2017,45.96,68.9,0,1.57,71.68,0,0,0,0,0,0,46.62,36.78,23.24,1.66,1.05,0
AUG,46.12,68.93,0,1.52,71.69,0,0,0,0,0,0,46.61,36.77,23.24,1.59,0.97,0
7/31/2017,45.80,68.93,0,1.55,71.69,0,0,0,0,0,0,46.58,36.79,23.21,1.85,1.33,0
8/1/2017,45.88,68.86,0,58.11,71.66,0,0,0,0,0,0,46.59,36.7,23.18,2.83,2.27,0
8/2/2017,45.16,77.27,1.04,631.8,76.16,1.04,2.08,1.12,0.76,0.36,0.4,53.4,45.84,31.63,6.36,2.57,0
8/3/2017,146.2,81.1,0,579.4,79.96,0,0,0,0,0,0,49.91,41.41,28.31,6.28,2.11,0
8/4/2017,826.8,80.68,0,121.1,79.89,0,0,0.08,0,0,0,49.88,41.42,27.88,4.13,1.76,0
8/5/2017,386.7,78.95,0.04,32.43,79.57,0.04,0,0.84,0.12,0.24,0.76,49.5,41.33,28.2,4.49,2.97,0
8/6/2017,130.6,76.05,0.12,540.7,76.82,0.12,0,0,0.04,0,0.04,48.77,40.4,27.1,3.81,2.04,0
8/7/2017,77.40,81.5,2.16,16970,79.68,2.16,1.84,0.72,1.24,0.68,1.76,51.21,42.37,28.76,6.53,3.38,0
8/8/2017,1020,92.33,4.84,22910,88.24,4.84,5.4,5.12,4.2,1.88,1.36,66.35,60.02,45.82,17.07,19.88,0
8/9/2017,27430,92.88,0,24850,89.31,0,0,0,0,0,0,54.09,45.64,36.79,15.08,6.2,0
8/10/2017,30720,93.02,0,23480,89.51,0,0,0,0,0.28,0.04,55.81,46.82,32.71,7.81,2.96,0
8/11/2017,30490,92.84,0,21970,89.78,0,0,0,0,0.04,0,57.88,48.26,33.68,8.18,2.38,0
8/12/2017,28960,92.56,0,19560,89.37,0,0,0,0,0,0,58.12,49.08,34.88,9.21,2.38,0
8/13/2017,26250,92.1,0,16660,89.05,0,0,0,0,0,0,58.36,49.28,34.92,9.29,2.43,0
8/14/2017,23690,91.64,0,13850,88.66,0,0,0,0,0,0,58.34,49.3,35.09,9.42,2.46,0
8/15/2017,20380,91.01,0,11380,88.1,0,0,0,0,0,0,58.08,49.12,34.91,9.39,2.61,0
8/16/2017,17850,90.31,0,8458,87.5,0,0,0,0,0,0,57.83,48.89,34.68,9.28,2.68,0
8/17/2017,14930,89.6,0,5982,86.74,0,0,0,0,0,0,57.58,48.68,34.46,9.07,2.65,0
8/18/2017,11970,88.78,0,3648,85.89,0,0,0,0,0,0,57.32,48.46,34.27,8.88,2.34,0
8/19/2017,9121,87.79,0,1313,84.84,0,0,0,0,0,0,57.02,48.18,33.99,8.69,2.28,0
8/20/2017,6214,86.53,0,3.02,83.55,0,0,0,0.04,0,0,56.61,47.75,33.67,8.46,2.22,0
8/21/2017,3188,84.3,0,2.38,81.09,0,0,0,0,0,0,55.84,47.11,33.2,8.19,2.32,0
8/22/2017,505.1,79.28,0,2.1,72.13,0,0,0,0,0,0,51.01,42.89,30.15,6.79,1.91,0
8/23/2017,54.68,69.79,0,2.12,71.92,0,0.04,0,0,0,0,47.1,38.46,26.13,4.09,1.66,0
8/24/2017,48.20,69.1,0,39.96,71.85,0,0,0,0,0.2,1.4,46.83,37.27,23.87,2.88,2.27,0
8/25/2017,46.92,74.8,0.88,12760,75.55,0.88,1.12,1.2,0.88,0.88,0.88,47.49,40.3,27.55,5.36,4.41,0
8/26/2017,99.15,91.04,11.36,91060,87.65,11.36,12.48,12.64,7.76,8.68,9.32,69.47,63.82,49.55,15.5,24.47,0
8/27/2017,16170,101.09,14.88,170600,95.96,14.88,14.96,14.56,12.72,14.76,3.36,74.3,69.91,59.89,34.44,27.14,0
8/28/2017,101800,106.84,5.2,168100,99.94,5.2,5.84,7.32,7.08,6.88,0,75.26,70.16,58.89,38.79,,0
SEP,178800,108.85,1.12,159600,99.94,1.12,1.16,1.36,1.52,2.04,0,76.62,70.11,58.02,36.67,,0
8/30/2017,215900,108.85,0,150300,99.94,0,0,0,0,0,0,76.9,70.16,55.94,26.74,,0
8/31/2017,216400,108.85,0,139600,99.94,0,0,0,0,0,0,76.77,71.07,56.05,25.52,,0
9/1/2017,209300,108.85,0,129000,99.94,0,0,0,0,0,0,76.43,70.63,55.62,25.37,,0
9/2/2017,198400,108.85,0,119100,99.94,0,0,0,0,0,0,76.09,70.01,54.8,24.76,,0
9/3/2017,186900,108.85,0,110300,99.94,0,0,0,0,0,0,75.86,69.61,54.03,24.22,,0
9/4/2017,175100,108.85,0,102600,99.94,0,0,0,0,0,0,75.63,69.16,53.52,23.85,,0
9/5/2017,162200,108.85,0,95320,99.94,0,0,0,0,0,0,75.23,68.42,52.91,23.33,,0
9/6/2017,149300,108.85,0,89240,99.94,0,0.04,0.28,0.04,0,0,74.8,67.58,52.06,22.81,10.16,0
9/7/2017,137300,108.85,0,83530,99.94,0,0,0,0,0,0,74.27,66.75,51.2,22.14,9.67,0
9/8/2017,123300,108.85,0,78200,99.94,0,0,0,0,0,0,73.52,65.57,50.24,21.55,9.46,0
9/9/2017,111700,108.85,0,72880,99.94,0,0,0,0,0,0,72.21,64.15,49.06,20.65,8.63,0
9/10/2017,99990,108.85,0,68240,99.94,0,0,0,0,0,0,70.38,62.69,47.34,19.48,7.85,0
9/11/2017,91110,108.85,0,64000,99.94,0,0,0,0,0,0,67.7,62.69,45.2,18.01,6.75,0
9/12/2017,84960,108.85,0,60440,99.94,0,0,0,0,0,0,66.52,57.98,43.38,16.22,5.8,0
9/13/2017,78420,108.85,0,56870,99.94,0,0,0,0,0,0,64.89,56.31,42.2,15.01,4.88,0
9/14/2017,75830,108.85,0,53980,99.94,0,0,0,0,0,0,63.17,54.64,40.58,13.72,4.25,0
9/15/2017,70530,108.85,0,51100,99.94,0,0,0,0,0,0,61.57,52.87,38.88,12.39,4.18,0
9/16/2017,67010,108.85,0,50220,99.94,0,0,0,0,0,0,60.21,51.44,37.38,11.27,3.49,0
9/17/2017,64060,108.85,0,49770,99.94,0,0,0,0,0,0,59.02,49.92,35.67,10.12,3.02,0
9/18/2017,60860,108.85,1.68,48550,99.94,1.68,1.96,2.04,1.28,0.92,2.44,60.88,53.07,39.28,14.19,8.94,0
9/19/2017,62590,108.85,0,47300,99.94,0,0,0,0,0.04,0,54.12,48.68,38.1,13.43,5,0
9/20/2017,64160,108.85,0.2,45620,99.94,0.2,0.4,0.8,0,0,0,57.61,49.52,34.87,8.32,2.54,0
9/21/2017,63330,108.85,0.32,44050,99.94,0.32,0.12,0.08,0.44,1.04,1.2,56.83,48.68,34.81,10.56,4.61,0
9/22/2017,60610,108.85,0.04,42480,91.79,0.04,0,0,0,0,0,59.69,50.72,35.94,9,2.95,0
9/23/2017,56900,95.54,0,41120,91.71,0,0,0,0,0,0,59.8,50.95,36.57,10.24,3.25,0
9/24/2017,51680,95.24,0,41640,91.55,0,0,0,0,0,0,59.15,50.49,36.29,10.24,3.16,0
9/25/2017,46310,95.23,0.12,39440,91.4,0.12,0.08,0,0,0,0,59.06,50.3,35.95,9.93,3.26,0
9/26/2017,43480,94.51,0.08,36950,91.35,0.08,0.32,0,0,0,0,59.32,50.42,35.94,9.84,3.45,0
9/27/2017,39860,93.96,0,33650,91.37,0,0,0,0,0,0,59.04,50.33,36,9.9,3.27,0
OCT,36250,93.46,0.48,29890,91.09,0.48,0.56,0.04,0,0.08,0.12,59.38,50.52,35.93,9.85,3.1,0
9/29/2017,34990,93.3,0,26790,90.83,0,0,0,0,0,0,59.35,50.55,36.1,9.98,3.42,0
9/30/2017,31540,92.79,0,22980,90.48,0,0,0,0,0,0,58.85,50.12,35.77,9.8,2.96,0
10/1/2017,28400,92.28,0,20730,90.06,0,0,0,0,0,0,58.59,49.88,35.5,9.59,2.8,0
10/2/2017,25780,91.91,0,15470,89.6,0,0,0,0,0.16,0.32,58.43,49.72,35.38,9.68,3.83,0
10/3/2017,23450,91.5,0.32,12680,89.16,0.32,0.2,0.24,0,0.52,0.56,57.25,48.33,34.52,9.51,4.55,0
10/4/2017,22330,91.2,0,9954,88.84,0,0,0,0,0,0,58.81,50.07,35.49,9.4,4.14,0
10/5/2017,16520,90.61,0,NA,88.42,0,0,0,0,0,0,58.89,50.19,35.74,9.84,4.07,0
10/6/2017,13430,89.82,0,7491,87.84,0,0,0,0,0,0,58.85,50.19,35.75,9.85,3.97,0
10/7/2017,9182,89,0,4808,87.09,0,0,0,0,0,0,58.61,49.99,35.57,9.76,4.18,0
10/8/2017,6612,87.8,0,3176,86.36,0,0,0,0,0,0,58.37,49.76,35.35,9.65,3.96,0
10/9/2017,4184,86.58,0,1185,85.54,0,0,0,0,0,0,56.52,48.16,34.2,9.11,3.86,0
10/10/2017,1502,85.08,0,3.1,84.56,0,0,0,0,0,0,55.51,47.04,33.13,8.18,3.47,0
10/11/2017,121.0,81.85,0,2.7,83.21,0,0,0,0,0,0,54.9,46.51,32.6,7.59,2.48,0
10/12/2017,50.08,74.98,0,2.53,80.96,0,0,0,0,0,0,52.8,44.74,31.23,6.79,2.79,0
10/13/2017,48.31,69.15,0,2.35,72.19,0,0,0,0,0,0,47.06,38.69,26.79,4.17,2.69,0
10/14/2017,47.41,69,0,2.18,72.07,0,0,0,0,0,0,46.9,37.67,24.51,3.19,2.77,0
10/15/2017,47.72,69.11,0,1.98,72.02,0,0,0,0,0,0,46.88,37.62,24.33,3.2,2.85,0
10/16/2017,47.06,68.96,0,1.92,71.92,0,0,0,0,0,0,46.8,37.45,24.27,2.14,1.65,0
10/17/2017,46.80,68.85,0,1.92,71.87,0,0,0,0,0,0,46.76,37.36,24.05,2.82,2.58,0
10/18/2017,46.63,68.8,0,3.08,107.36,0,0,0,0,0,0,46.74,37.17,23.98,2.76,2.49,0
10/19/2017,47.49,69.07,0,2.75,71.82,0,0,0,0,0,0,46.81,37.4,24.08,3.08,2.72,0
10/20/2017,64.08,71.13,0.32,21.72,72.23,0.32,0.36,0.4,0.52,0.4,0.44,47.43,39.41,26.3,4.18,3.61,0
10/21/2017,49.30,70.78,0.12,171.4,72.21,0.12,0.16,0.08,0,0,0,47.34,39.1,25.67,3.58,3.07,0
10/22/2017,175.3,77.52,1.16,75.63,74.48,1.16,1.56,1.56,0.76,0.68,0.88,53.09,46.41,32.13,6.86,3.67,0
10/23/2017,241.0,78.57,0,3.5,77.52,0,0,0,0,0,0,49.43,41.34,28.4,5.98,2.37,0
10/24/2017,66.71,77.94,0,2.82,77.59,0,0,0,0,0,0,49.3,41.16,27.74,4.02,2.12,0
10/25/2017,49.24,69.91,0,2.3,75.9,0,0,0,0,0,0,48.17,40.31,27.17,3.35,1.31,0
10/26/2017,47.78,69.16,0,2.33,72.36,0,0,0,0,0,0,46.99,38.01,24.92,2.41,1.73,0
10/27/2017,47.13,68.97,0,2.18,72.12,0,0,0,0,0,0,46.88,37.61,24.41,2.53,2.1,0
NOV,47.11,68.89,0,2,72.02,0,0,0,0,0,0,46.79,37.35,24.12,1.22,-0.16,0
10/29/2017,46.86,68.86,0,29.7,71.93,0,0,0,0,0,0,46.74,37.26,23.94,1.74,1.28,0
10/30/2017,48.52,69.16,0,1661,71.87,0,0,0,0,0,0,46.81,37.34,23.93,2.09,1.69,0
10/31/2017,110.5,75.56,1.2,2545,74.97,1.2,0.76,0.52,0.36,0.12,0.08,50.32,42.34,28.5,2.37,1.82,0
11/1/2017,964.3,81.03,0.44,1997,82.04,0.44,0.48,0.68,0.4,0.4,0.4,51.61,44.44,30.74,6.09,2.58,0
11/2/2017,774.4,81.62,0,1003,82.98,0,0,0,0.04,0,0,53.23,44.79,30.77,5.2,2.26,0
11/3/2017,89.93,77.11,0,4.22,82.91,0,0,0,0,0,0,53.11,44.75,30.92,5.9,2.26,0
11/4/2017,51.72,72.94,0,3.25,82.27,0,0,0,0,0,0,51.77,43.68,30.15,5.65,2.17,0
11/5/2017,49.79,69.47,0,2.82,80.64,0,0,0,0,0,0,49.78,41.55,28.13,4.3,2.24,0
11/6/2017,48.09,69.49,0,3.02,72.66,0,0,0,0,0,0,47.39,39.65,26.95,3.83,2.1,0
11/7/2017,47.67,69.12,0,2.73,72.29,0,0,0,0,0,0,46.97,37.85,24.79,2.52,1.87,0
11/8/2017,46.62,68.95,0,2.5,72.19,0,0,0.04,0.04,0.04,0.04,46.87,37.65,24.6,2.29,1.83,0
11/9/2017,47.56,68.99,0.12,2.33,72.16,0.12,0.12,0.08,0.08,0.16,0.12,46.95,37.86,24.83,2.2,1.6,0
11/10/2017,46.59,68.94,0,2.18,72.08,0,0,0,0,0,0,46.88,37.52,24.36,2.25,1.9,0
11/11/2017,46.65,68.89,0,2.15,71.99,0,0,0,0,0,0,46.78,37.37,24.18,2.62,2.29,0
11/12/2017,47.12,68.98,0,2.1,71.94,0,0,0,0,0,0,46.8,37.36,24.01,2.65,2.25,0
11/13/2017,46.86,69,0,2,71.88,0,0,0,0,0,0,46.77,37.38,24.08,2.61,2.27,0
11/14/2017,46.44,68.88,0,2.22,71.87,0,0,0,0,0,0,46.76,37.19,24.04,2.65,2.33,0
11/15/2017,46.51,69.73,0,2.33,71.84,0,0,0,0,0,0,46.74,37.2,24.17,2.45,2.21,0
11/16/2017,46.04,69.72,0,2.22,72.84,0,0,0,0,0,0,46.83,37.36,24.17,2.4,2.05,0
11/17/2017,46.28,69.79,0,1.83,72.88,0,0,0,0,0,0,46.85,37.39,24.24,2.46,2.12,0
11/18/2017,46.12,69.7,0,1.8,72.95,0,0,0,0,0,0,46.83,37.45,24.34,2.32,2.02,0
11/19/2017,45.80,69.69,0,1.8,72.9,0,0,0,0,0,0,46.78,37.28,24.24,1.81,1.48,0
11/20/2017,46.04,69.67,0,1.8,72.74,0,0,0,0,0,0,46.71,37.1,23.97,2.54,2.23,0
11/21/2017,46.36,69.69,0,1.83,72.69,0,0,0,0,0,0,46.7,37.09,23.91,2.65,2.35,0
11/22/2017,46.28,69.73,0,1.75,72.72,0,0,0,0,0,0,46.72,37.16,24.17,2.55,2.18,0
11/23/2017,46.20,69.7,0,1.72,72.68,0,0,0,0,0,0,46.69,37.04,24.07,1.84,1.58,0
11/24/2017,45.96,69.73,0,1.77,72.69,0,0,0,0,0,0,46.71,37.03,23.87,2.21,1.95,0
11/25/2017,45.88,69.69,0,1.8,72.66,0,0,0,0,0,0,46.65,36.96,23.78,2.22,1.91,0
11/26/2017,46.12,69.69,0,1.77,72.68,0,0,0,0,0,0,46.66,36.99,23.8,1.91,1.58,0
DEC,45.80,69.72,0,1.85,72.71,0,0,0,0,0,0,46.68,37.03,24.18,1.69,1.31,0
11/28/2017,45.49,69.69,0,1.77,72.69,0,0,0,0,0,0,46.66,36.98,23.98,2.28,1.98,0
11/29/2017,88.58,74.62,0,1.9,72.71,0,0,0,0,0,0,46.63,36.93,25.14,2.21,1.83,0
11/30/2017,45.51,75.34,0,2.05,72.7,0,0,0,0,0,0,47.22,37.78,25.37,1.84,1.5,0
12/1/2017,45.92,69.68,0,1.77,72.7,0,0,0,0,0,0,46.63,36.9,25.16,1.95,1.67,0
12/2/2017,869.8,69.66,0,1.9,72.87,0,0,0,0,0,0,46.67,37.05,25.53,1.91,1.58,0
12/3/2017,2162,75.05,0.76,2.05,73.17,0.76,1.16,1.04,1.32,1.24,0.92,50.66,43.16,29.54,6.44,3.17,0
12/4/2017,2032,81.86,0.16,3.15,79.03,0.16,0.08,0.04,0.08,0.04,0.04,50.01,41.82,28.38,6.32,2.85,0
12/5/2017,2075,84.21,0.04,249.1,81.13,0.04,0,0,0,0,0,50.17,41.9,27.97,4.7,2.4,0
12/6/2017,2147,84.42,0.16,759,81.24,0.16,0.24,0.24,0.24,0.24,0.28,50.46,42.31,28.27,4.3,2.17,0
12/7/2017,1031,84.05,0.72,678.7,80.92,0.72,0.84,0.88,0.84,0.76,0.72,51.78,44.22,30.48,6.57,1.69,0
12/8/2017,140.3,84.7,0.04,407.3,80.58,0.04,0.04,0.04,0.04,0.04,0.04,53.05,44.46,29.92,6.18,1.5,0
12/9/2017,52.24,84.09,0,355.8,79.62,0,0.04,0,0,0,0,52.9,44.49,30.19,5.68,1.78,0
12/10/2017,49.91,81.88,0,116.9,77.8,0,0,0,0,0,0,52.1,43.82,29.72,5.35,1.02,0
12/11/2017,48.78,77.25,0,7.7,74.11,0,0,0,0,0,0,50.06,41.9,28.38,4.54,1.07,0
12/12/2017,48.86,70.45,0,4.05,73.53,0,0,0,0,0,0,47.34,38.73,25.61,2.69,0.4,0
12/13/2017,47.57,70.18,0,3.23,73.22,0,0,0,0,0,0,47.03,38,24.86,1.74,0.91,0
12/14/2017,51.16,70.02,0,2.75,73.05,0,0,0,0,0,0,46.86,37.65,24.68,1.79,1.16,0
12/15/2017,233.2,70,0,2.5,72.94,0,0,0,0,0,0,46.81,37.57,24.52,1.72,1.24,0
12/16/2017,149.5,70.41,0.76,2.33,73.15,0.76,0.8,0.8,0.88,0.96,0.76,50.43,43.17,27.24,5.36,4.3,0
12/17/2017,64.69,79.02,0,3.02,77.86,0,0,0,0,0,0,49.45,43.07,28.39,6.09,4.29,0
12/18/2017,301.4,79.14,0.04,116.4,79.06,0.04,0.04,0.04,0.08,0.04,0.04,49.49,41.3,27.11,3.88,1.85,0
12/19/2017,289.9,77.62,0.44,230.7,78.97,0.44,0.36,0.64,0.32,0.4,0.28,50.21,41.67,27.05,3.94,1.86,0
12/20/2017,113.0,79.5,0.04,53.16,77.74,0.04,0.04,0,0,0.04,0,50.34,42.85,28.2,5.2,2.32,0
12/21/2017,51.43,79.98,0,110.3,78.91,0,0,0,0,0,0,49.51,41.31,27.02,3.65,1.48,0
12/22/2017,49.66,79.42,0,217.4,78.85,0,0,0.04,0.08,0.28,0.24,49.4,41.24,27,3.92,1.69,0
12/23/2017,47.81,76.14,0,62.07,76.74,0,0,0,0,0,0,48.68,40.69,26.68,3.78,1.19,0
12/24/2017,47.88,70.33,0,4.15,73.56,0,0,0,0,0,0,47.21,38.54,25.23,2.39,0.86,0
12/25/2017,50.44,70.11,0,3.17,73.19,0,0,0,0,0,0,46.97,37.96,24.77,1.87,1.26,0
12/26/2017,48.12,69.93,0.12,2.62,73,0.12,0.08,0.08,0.04,0.04,0.04,46.91,37.69,24.5,2.42,1.96,0
.,47.64,70.23,0.08,2.47,73.15,0.08,0.12,0.2,0.16,0.12,0.16,47.08,38.26,25.06,1.97,1.24,0
.,46.76,70.25,0,2.97,73.2,0,0,0,0,0,0,47.08,38.21,25.27,2.08,1.26,0
.,0,69.98,0,2.85,73.09,0,0,0,0,0,0,46.92,37.77,24.87,2.14,1.62,0
.,0,69.91,0,2.55,72.97,0,0,0,0,0,0,46.89,37.49,24.65,1.97,1.41,0
.,0,69.82,0,2.35,72.89,0,0,0,0.04,0,0,46.85,37.38,24.59,1.79,1.1,0
